<?xml version="1.0" encoding="UTF-8"?>
<!DOCTYPE suite SYSTEM "http://testng.org/testng-1.0.dtd">
<suite name="Suite">
<listeners>
      <listener class-name="org.uncommons.reportng.HTMLReporter"/>
      <listener class-name="org.uncommons.reportng.JUnitXMLReporter"/>
  </listeners>
  <parameter name="appURL" value="https://youtube.com"></parameter>
<parameter name="browserType" value="chrome"/>
  <test name="Test">
    <classes>
      <class name="TestCases.BasePageTest"/>
    </classes>
  </test> <!-- Test -->
</suite> <!-- Suite -->
